<?xml version="1.0"?>
<!-- If your plugin defines device types, you can define them here.

	 Devices must specify their type (via the type attribute):

		relay (ON/OFF/STATUS)
		dimmer (ON/OFF/DIM/BRIGHTEN/SET BRIGHTNESS/STATUS)
		speedcontrol (ON/OFF/SET SPEED LEVEL/SET SPEED INDEX/INCREASE/DECREASE/STATUS)
		sensor (ON/OFF/STATUS)
		thermostat
		sprinkler (ACTIVE ZONE INDEX)
		custom

	 The first six inherit states, actions and events from Indigo. You can
	 also specify your own custom actions and additional states, if needed.

	 The Device example below specifies the thermostat type.
	 
	 Devices must also specify a unique typeID - so, for instance, if you define
	 2 different thermostat type devices then your plugin can distinguish between
	 the two by the typeID.
-->

<Devices>
	<!-- This device illustrates how a plugin can inherit Indigo's thermostat
	device behavior including thermostat device states, thermostat actions,
	and will support Indigo and Indigo Touch's native UI for thermostat type
	devices.
	-->
	<Device type="custom" id="mitsubishiHVACGroup">
				<Name>Mitsubishi HVAC Group</Name>
				<ConfigUI>					
					<Field id="groupMembers" type="list">
						<Label>Members of the Group:</Label>
						<List class="indigo.devices" filter="self"/>
					</Field>

				</ConfigUI>
				<States>
					<State id="groupActive">
						<ValueType>Boolean</ValueType>
						<TriggerLabel>Group Active</TriggerLabel>
						<ControlPageLabel>Group Active</ControlPageLabel>
					</State>
				</States>
	</Device>				

					
					
	<Device type="thermostat" id="mitsubishiHVACDuctless">
			<Name>Mitsubishi Ductless</Name>
			<ConfigUI>
				<Field id="label" type="menu">
					<Label>Room:</Label>
					<List class="self" filter="stuff" method="generateDeviceList"/>
				</Field>
				<Field type="checkbox" id="viewDetails" defaultValue="false">
					<Label>Checkbox:</Label>
					<Description>Reveal configuration details</Description>
				</Field>
				<Field type="textfield" id="address" readonly="YES" defaultValue="" visibleBindingId="viewDetails" visibleBindingValue="true">
					<Label>IP Address:</Label>
				</Field>
				
				<Field type="textfield" id="unitType" readonly="YES" visibleBindingId="viewDetails" visibleBindingValue="true">
					<Label>unitType:</Label>
				</Field>
				<Field type="textfield" id="password" readonly="YES" visibleBindingId="viewDetails" visibleBindingValue="true">
					<Label>password:</Label>
				</Field>
				<Field type="textfield" id="W" readonly="YES" visibleBindingId="viewDetails" visibleBindingValue="true">
					<Label>W:</Label>
				</Field>
				<Field type="textfield" id="S" readonly="YES" visibleBindingId="viewDetails" visibleBindingValue="true">
					<Label>S</Label>
				</Field>
				<Field type="textfield" id="cryptoSerial" readonly="YES" visibleBindingId="viewDetails" visibleBindingValue="true">
					<Label>cryptoSerial</Label>
				</Field>
				
				
				<!-- By default thermostat type devices automatically inherit these
				device properties which describe the characteristics of a specific
				thermostat instance:

					NumTemperatureInputs:			should range between 1 and 3
					NumHumidityInputs:				should range between 0 and 3
					SupportsHeatSetpoint:			True or False
					SupportsCoolSetpoint:			True or False
					SupportsHvacOperationMode:		True or False
					SupportsHvacFanMode:			True or False
					ShowCoolHeatEquipmentStateUI:	True or False
				
				Plugins can update these properties either in device ConfigUI
				(like below), or can update them from python by using the
				dev.replacePluginPropsOnServer() method, most likely inside your
				deviceStartComm method. Both will trigger the Indigo Server to
				automatically rebuild the device's states list based on the needed
				changes. Since most entry-level thermostats have 1 temp sensor and
				0 humidity sensors, those are the default values. If your
				thermostat supports those, you don't need to change anything.
				
				<Field type="separator" id="simpleSeparator1" />
				<Field type="menu" id="NumTemperatureInputs" defaultValue="1">
					<Label>Number of temperature sensors:</Label>
					<List>
						<Option value="0">None</Option>
						<Option value="1">1</Option>
						<Option value="2">2</Option>
						<Option value="3">3</Option>
					</List>
				</Field>
			
				<Field type="menu" id="NumHumidityInputs" defaultValue="1">
					<Label>Number of humidity sensors:</Label>
					<List>
						<Option value="0">None</Option>
						<Option value="1">1</Option>
						<Option value="2">2</Option>
						<Option value="3">3</Option>
					</List>
				</Field>
				<Field type="checkbox" id="SupportsHeatSetpoint" defaultValue="true">
					<Label>Supports heat setpoint:</Label>
					<Description>Show heat setpoint controls in UI</Description>
				</Field>
				<Field type="checkbox" id="SupportsCoolSetpoint" defaultValue="true">
					<Label>Supports cool setpoint:</Label>
					<Description>Show cool setpoint controls in UI</Description>
				</Field>
				<Field type="checkbox" id="SupportsHvacOperationMode" defaultValue="true">
					<Label>Supports thermostat modes:</Label>
					<Description>Show thermostat mode controls (heat/cool/auto) in UI</Description>
				</Field>
				<Field type="checkbox" id="SupportsHvacFanMode" defaultValue="true">
					<Label>Supports fan modes:</Label>
					<Description>Show fan mode controls (auto/always on) in UI</Description>
				</Field>
				<Field type="checkbox" id="ShowCoolHeatEquipmentStateUI">
					<Label>Supports compressor/furnace feedback:</Label>
					<Description>Show compressor/furnace states in UI</Description>
				</Field>
				-->
			</ConfigUI>
			<States>
				<!-- By default thermostat type devices automatically inherit these
				read-only states:

					temperatureInputsAll, humidityInputsAll,
					hvacOperationModeIsOff, hvacOperationModeIsHeat, hvacOperationModeIsCool,
					hvacOperationModeIsAuto, hvacOperationModeIsProgramHeat, hvacOperationModeIsProgramCool,
					hvacOperationModeIsProgramAuto,
					hvacFanModeIsAuto, hvacFanModeIsAlwaysOn.
				
				Additionally, the following writable states are inherited:

					temperatureInput1, temperatureInput2, temperatureInput3,
					humidityInput1, humidityInput2, humidityInput3,
					setpointHeat, setpointCool,
					hvacOperationMode, hvacFanMode,
					hvacCoolerIsOn, hvacHeaterIsOn, hvacFanIsOn
				
				The Indigo Server automatically updates some of the read-only states when
				a writable state is updated. For example, if your plugin updates the
				temperatureInput1 state then the temperatureInputsAll state is automatically
				updated for you. Likewise, if you update the hvacOperationMode state to
				indigo.kHvacMode.Heat then the read-only state hvacOperationModeIsHeat will
				be set to True and all of the other hvacOperationModeIs* states will be set
				to False.

				The plugin can specify additional custom states and custom
				actions (in Actions.xml) to modify custom states. As an example
				here, we define a new custom state, backlightBrightness, which
				is used to control the brightness of the backlit display of
				the thermostat.
				-->
				<State id="backlightBrightness">
					<ValueType>Integer</ValueType>
					<TriggerLabel>Backlight Brightness</TriggerLabel>
					<ControlPageLabel>Backlight Brightness</ControlPageLabel>
				</State>
				<State id="displayFanSpeed">
					<ValueType>Integer</ValueType>
					<TriggerLabel>Display Fan Speed</TriggerLabel>
					<ControlPageLabel>Display Fan Speed</ControlPageLabel>
				</State>
				<State id="displayVaneDirection">
					<ValueType>Integer</ValueType>
					<TriggerLabel>Display Vane Direction</TriggerLabel>
					<ControlPageLabel>Display Vane Direction</ControlPageLabel>
				</State>
				<State id="displayHVACMode">
					<ValueType>String</ValueType>
					<TriggerLabel>Display HVAC Mode</TriggerLabel>
					<ControlPageLabel>Display HVAC Mode</ControlPageLabel>
				</State>
				<State id="displayUnitTemp">
					<ValueType>Integer</ValueType>
					<TriggerLabel>Display Unit Temperature</TriggerLabel>
					<ControlPageLabel>Display Unit Temperature</ControlPageLabel>
				</State>
				<State id="displaySetpointTemp">
					<ValueType>Integer</ValueType>
					<TriggerLabel>Display Setpoint Temperature</TriggerLabel>
					<ControlPageLabel>Display Setpoint Temperature</ControlPageLabel>
				</State>
				<State id="displaySetpointHeat">
					<ValueType>Integer</ValueType>
					<TriggerLabel>Display Setpoint Heat</TriggerLabel>
					<ControlPageLabel>Display Setpoint Heat</ControlPageLabel>
				</State>
				<State id="displaySetpointCool">
					<ValueType>Integer</ValueType>
					<TriggerLabel>Display Setpoint Cool</TriggerLabel>
					<ControlPageLabel>Display Setpoint Cool</ControlPageLabel>
				</State>
				<State id="group1">
					<ValueType>String</ValueType>
					<TriggerLabel>Home Group</TriggerLabel>
					<ControlPageLabel>Home Group</ControlPageLabel>
				</State>
				<State id="group2">
					<ValueType>String</ValueType>
					<TriggerLabel>Area Group</TriggerLabel>
					<ControlPageLabel>Area Group</ControlPageLabel>
				</State>
				<State id="group3">
					<ValueType>String</ValueType>
					<TriggerLabel>Special Group</TriggerLabel>
					<ControlPageLabel>Special Group</ControlPageLabel>
				</State>
				<State id="offTime">
					<ValueType>String</ValueType>
					<TriggerLabel>Off Time</TriggerLabel>
					<ControlPageLabel>Off Time</ControlPageLabel>
				</State>
				<State id="timeRemaining">
					<ValueType>String</ValueType>
					<TriggerLabel>Time Remaining</TriggerLabel>
					<ControlPageLabel>Time Remaining</ControlPageLabel>
				</State>

				<State id="sensorHumidity">
					<ValueType>String</ValueType>
					<TriggerLabel>Humidity Sensor Reading</TriggerLabel>
					<ControlPageLabel>Humidity Sensor Reading</ControlPageLabel>
				</State>
				<State id="sensorRSSI">
					<ValueType>String</ValueType>
					<TriggerLabel>Sensor Signal Strength</TriggerLabel>
					<ControlPageLabel>Sensor Signal Strength</ControlPageLabel>
				</State>
				<State id="sensorBatteryLevel">
					<ValueType>String</ValueType>
					<TriggerLabel>Sensor Battery Level</TriggerLabel>
					<ControlPageLabel>Sensor Battery Level</ControlPageLabel>
				</State>
				<State id='adapterSSID'>
					<ValueType>String</ValueType>
					<TriggerLabel>WiFi Adaptor SSID</TriggerLabel>
					<ControlPageLabel>WiFi Adaptor SSID</ControlPageLabel>
				</State>
				<State id='adapterRSSI'>
					<ValueType>String</ValueType>
					<TriggerLabel>WiFi Adaptor RSSI</TriggerLabel>
					<ControlPageLabel>WiFi Adaptor RSSI</ControlPageLabel>
				</State>
				<State id='minCoolSetpoint'>
					<ValueType>String</ValueType>
					<TriggerLabel>Minimum Cool Setpoint</TriggerLabel>
					<ControlPageLabel>Minimum Cool Setpoint</ControlPageLabel>
				</State>
				<State id='maxHeatSetpoint'>
					<ValueType>String</ValueType>
					<TriggerLabel>Maximum Heat Setpoint</TriggerLabel>
					<ControlPageLabel>Maximum Heat Setpoint</ControlPageLabel>
				</State>
				<State id='connectionStatus'>
					<ValueType>Integer</ValueType>
					<TriggerLabel>Conneciton Status</TriggerLabel>
					<ControlPageLabel>Connection Status</ControlPageLabel>
				</State>




			</States>
		</Device>

	<Device type="thermostat" id="mitsubishiHVAC">
		<Name>Example Thermostat Module</Name>
		<ConfigUI>
			<!-- The ConfigUI here is just an example of the type of device
			specific UI that might be needed. Here you might specify a text
			field for an IP address, a serial port popup, or other device
			specific options.
			-->
			<Field type="textfield" id="address" defaultValue="1233456">
				<Label>Module Address:</Label>
			</Field>
			<!-- By default thermostat type devices automatically inherit these
			device properties which describe the characteristics of a specific
			thermostat instance:

				NumTemperatureInputs:			should range between 1 and 3
				NumHumidityInputs:				should range between 0 and 3
				SupportsHeatSetpoint:			True or False
				SupportsCoolSetpoint:			True or False
				SupportsHvacOperationMode:		True or False
				SupportsHvacFanMode:			True or False
				ShowCoolHeatEquipmentStateUI:	True or False
			
			Plugins can update these properties either in device ConfigUI
			(like below), or can update them from python by using the
			dev.replacePluginPropsOnServer() method, most likely inside your
			deviceStartComm method. Both will trigger the Indigo Server to
			automatically rebuild the device's states list based on the needed
			changes. Since most entry-level thermostats have 1 temp sensor and
			0 humidity sensors, those are the default values. If your
			thermostat supports those, you don't need to change anything.
			-->
			<Field type="separator" id="simpleSeparator1" />
			<Field type="menu" id="NumTemperatureInputs" defaultValue="1">
				<Label>Number of temperature sensors:</Label>
				<List>
					<Option value="0">None</Option>
					<Option value="1">1</Option>
					<Option value="2">2</Option>
					<Option value="3">3</Option>
				</List>
			</Field>
			<Field id="insteonDimmers" type="menu">
				<Label>Mitsubishi HVAC Units in your home:</Label>
				<List class="self" filter="stuff" method="generateDeviceList"/>
			</Field>
			<Field type="menu" id="NumHumidityInputs" defaultValue="1">
				<Label>Number of humidity sensors:</Label>
				<List>
					<Option value="0">None</Option>
					<Option value="1">1</Option>
					<Option value="2">2</Option>
					<Option value="3">3</Option>
				</List>
			</Field>
			<Field type="checkbox" id="SupportsHeatSetpoint" defaultValue="true">
				<Label>Supports heat setpoint:</Label>
				<Description>Show heat setpoint controls in UI</Description>
			</Field>
			<Field type="checkbox" id="SupportsCoolSetpoint" defaultValue="true">
				<Label>Supports cool setpoint:</Label>
				<Description>Show cool setpoint controls in UI</Description>
			</Field>
			<Field type="checkbox" id="SupportsHvacOperationMode" defaultValue="true">
				<Label>Supports thermostat modes:</Label>
				<Description>Show thermostat mode controls (heat/cool/auto) in UI</Description>
			</Field>
			<Field type="checkbox" id="SupportsHvacFanMode" defaultValue="true">
				<Label>Supports fan modes:</Label>
				<Description>Show fan mode controls (auto/always on) in UI</Description>
			</Field>
			<Field type="checkbox" id="ShowCoolHeatEquipmentStateUI">
				<Label>Supports compressor/furnace feedback:</Label>
				<Description>Show compressor/furnace states in UI</Description>
			</Field>
		</ConfigUI>
		<States>
			<!-- By default thermostat type devices automatically inherit these
			read-only states:

				temperatureInputsAll, humidityInputsAll,
				hvacOperationModeIsOff, hvacOperationModeIsHeat, hvacOperationModeIsCool,
				hvacOperationModeIsAuto, hvacOperationModeIsProgramHeat, hvacOperationModeIsProgramCool,
				hvacOperationModeIsProgramAuto,
				hvacFanModeIsAuto, hvacFanModeIsAlwaysOn.
			
			Additionally, the following writable states are inherited:

				temperatureInput1, temperatureInput2, temperatureInput3,
				humidityInput1, humidityInput2, humidityInput3,
				setpointHeat, setpointCool,
				hvacOperationMode, hvacFanMode,
				hvacCoolerIsOn, hvacHeaterIsOn, hvacFanIsOn
			
			The Indigo Server automatically updates some of the read-only states when
			a writable state is updated. For example, if your plugin updates the
			temperatureInput1 state then the temperatureInputsAll state is automatically
			updated for you. Likewise, if you update the hvacOperationMode state to
			indigo.kHvacMode.Heat then the read-only state hvacOperationModeIsHeat will
			be set to True and all of the other hvacOperationModeIs* states will be set
			to False.

			The plugin can specify additional custom states and custom
			actions (in Actions.xml) to modify custom states. As an example
			here, we define a new custom state, backlightBrightness, which
			is used to control the brightness of the backlit display of
			the thermostat.
			-->
			<State id="backlightBrightness">
				<ValueType>Integer</ValueType>
				<TriggerLabel>Backlight Brightness</TriggerLabel>
				<ControlPageLabel>Backlight Brightness</ControlPageLabel>
			</State>
		</States>
	</Device>
</Devices>
