<?xml version="1.0"?>
<!-- If your plugin wants to add menu items to it's submenu off the new Extensions menu,
	 define them here. Each should have a unique menu id, a Name, and an Action. The last
	 is a method name in your python file that will be called when the user selects that
	 menu item. Note - nothing will be returned to the client, so if you need to communicate
	 back to the user you can post information into the Event Log.
-->
<MenuItems>
	<MenuItem id="menu1">
		<Name>Set All to 1 Temperature Sensor</Name>
		<CallbackMethod>changeTempSensorCountTo1</CallbackMethod>
	</MenuItem>
	<MenuItem id="menu2">
		<Name>Set All to 2 Temperature Sensors</Name>
		<CallbackMethod>changeTempSensorCountTo2</CallbackMethod>
	</MenuItem>
	<MenuItem id="menu3">
		<Name>Set All to 3 Temperature Sensors</Name>
		<CallbackMethod>changeTempSensorCountTo3</CallbackMethod>
	</MenuItem>
	<MenuItem id="menu4">
		<Name>Set All to No Humidity Sensors</Name>
		<CallbackMethod>changeHumiditySensorCountTo0</CallbackMethod>
	</MenuItem>
	<MenuItem id="menu5">
		<Name>Set All to 1 Humidity Sensors</Name>
		<CallbackMethod>changeHumiditySensorCountTo1</CallbackMethod>
	</MenuItem>
	<MenuItem id="menu6">
		<Name>Set All to 2 Humidity Sensors</Name>
		<CallbackMethod>changeHumiditySensorCountTo2</CallbackMethod>
	</MenuItem>
	<MenuItem id="menu7">
		<Name>Set All to 3 Humidity Sensors</Name>
		<CallbackMethod>changeHumiditySensorCountTo3</CallbackMethod>
	</MenuItem>
</MenuItems>
